{
  "feature_order": [
    "SlopeHeight",
    "SlopeAngle",
    "UCS",
    "GSI",
    "mi",
    "D",
    "PoissonsRatio",
    "E",
    "Density"
  ],
  "ranges": {
    "SlopeHeight": {
      "min": 13.0,
      "max": 73.73,
      "mean": 42.79261133603239,
      "std": 17.019619410880797
    },
    "SlopeAngle": {
      "min": 55.01,
      "max": 84.87,
      "mean": 69.8985020242915,
      "std": 8.757173065804876
    },
    "UCS": {
      "min": 42.94,
      "max": 86.89,
      "mean": 64.69224696356275,
      "std": 13.158089746333117
    },
    "GSI": {
      "min": 25.0,
      "max": 85.0,
      "mean": 55.012145748987855,
      "std": 17.344845504327154
    },
    "mi": {
      "min": 23.0,
      "max": 35.0,
      "mean": 29.032388663967613,
      "std": 3.455155122368289
    },
    "D": {
      "min": 0.7,
      "max": 1.0,
      "mean": 0.8445344129554656,
      "std": 0.1500523432336133
    },
    "PoissonsRatio": {
      "min": 0.15,
      "max": 0.21,
      "mean": 0.17995951417004044,
      "std": 0.018371818433198038
    },
    "E": {
      "min": 8783.0,
      "max": 36123.0,
      "mean": 22387.244939271255,
      "std": 7776.477033559177
    },
    "Density": {
      "min": 2.55,
      "max": 2.75,
      "mean": 2.6470850202429146,
      "std": 0.058096974766138065
    }
  }
}